Title,Image
Desk Clock SVG,https://drive.google.com/thumbnail?id=1u1Sfw7tVr3E_wHCRdY_v12RzTgrPZryG&sz=w1000
Office Desk Clock,https://drive.google.com/thumbnail?id=1pgoWnGCfpwFlQTGlDyQRCrun0pwHkcoE&sz=w1000
Christmas Ornament SVG,https://drive.google.com/thumbnail?id=1HIGqK2zuS-w5vNYDDouIpKBxRVBFawB_&sz=w1000
3D Layered Clock,https://drive.google.com/thumbnail?id=1KubbkhOoA9_Zj0UO8FNHLUO-_Gwyy6hh&sz=w1000
Abstract Wall Clock,https://drive.google.com/thumbnail?id=1IFv-5G47I0BjZ551sb_Worp11cGLthqf&sz=w1000
Abstract Sign Clock,https://drive.google.com/thumbnail?id=1pFlxKCveKG9sHTIukcNZcbUa_jxUz4lC&sz=w1000
Mystical Warrior Clock,https://drive.google.com/thumbnail?id=1podj5hpANytbO98lhoVhQX-0jod7Yucw&sz=w1000
Round Abstract Clock,https://drive.google.com/thumbnail?id=191RiZeXn4TFBsCRO2wD_xA-KEPA5I_y4&sz=w1000
Multilayer Clock,https://drive.google.com/thumbnail?id=1rZvMLEmh62gCGbymr6mdfxA0M9Xiyd4C&sz=w1000
Vintage Clock SVG,https://drive.google.com/thumbnail?id=13dLe60dde23Bk_ibRLPgoarqTEto5tAK&sz=w1000
3D Wall Clock,https://drive.google.com/thumbnail?id=1J8soxwfrVHseAwLfzY6SqCYXENttWPSL&sz=w1000
Wall Clock Bundle,https://drive.google.com/thumbnail?id=1ftCjYidxql_fhuDq7yQ0KtCzzA6ZDmdC&sz=w1000
Shadow Box Clock,https://drive.google.com/thumbnail?id=1Sg9vgudEXjZhVlVn0drmJLfF83Cz1WSz&sz=w1000
Wall Decor Clock,https://drive.google.com/thumbnail?id=1LwjvQE2Gy1OIuk45HywvH_wSgLEQnp_H&sz=w1000
Time Frame Clock,https://drive.google.com/thumbnail?id=11MDxfdEmJ85SPm5MQ4Pp9Nok8sW8ekC2&sz=w1000
Alarm Clock Template,https://drive.google.com/thumbnail?id=1Hfh7V91AyRvmzUKfXEnalMIywhz7UXkL&sz=w1000
Antique Clock Design,https://drive.google.com/thumbnail?id=1ZCUnvJUz_RWYcGybPnJwD_0bo4qPz8lC&sz=w1000
Shabby Chic Clock,https://drive.google.com/thumbnail?id=1upyt46injV-E3FsCagNBdO1ewowX_Qh_&sz=w1000
Vintage Watch Face,https://drive.google.com/thumbnail?id=1Q_7aeiJrq5Fu_IcyXfTWJ3jXr4XS7WqB&sz=w1000
Basketball Wall Clock,https://drive.google.com/thumbnail?id=1v4ljfxMvnWYo3CGyhDNtqnjoKibizlR3&sz=w1000
Beach Wall Clock,https://drive.google.com/thumbnail?id=1bGfyOb4s9wbt-IHKXq3HfcMBgfwFiBR4&sz=w1000
Bee Wall Clock,https://drive.google.com/thumbnail?id=1SQR1TalzI_fZ2Ws2lMl8p8m5sKzzgWK3&sz=w1000
Book Lovers Clock,https://drive.google.com/thumbnail?id=1SEzqxJRxatCYN45tr3we-VhEvwvUpn3t&sz=w1000
Butterfly Wall Clock,https://drive.google.com/thumbnail?id=1MlTufC-vEd2_bRiLGLTKzynctL9hexi7&sz=w1000
Calendar Laser Bundle,https://drive.google.com/thumbnail?id=1wuEDCbNZW4iAEGPMl83t-h1UU6J6flDt&sz=w1000
Camping Wall Clock,https://drive.google.com/thumbnail?id=1yL8RG7fGSAey9VWq-bWHwagcFxpJO0Ym&sz=w1000
Cat Wall Clock,https://drive.google.com/thumbnail?id=1tkIOoCUgmjkyVjj9CSL_7wFfqalDlR5L&sz=w1000
Cats Wall Clock,https://drive.google.com/thumbnail?id=1G_GAC3h3KLwxTFtj4Y64YQIHwzGqVWVG&sz=w1000
Chain Frame SVG,https://drive.google.com/thumbnail?id=1c1A37ZUQCHBhUeUSHpAcwLGOsrE3P0WC&sz=w1000
Chess Wall Clock,https://drive.google.com/thumbnail?id=17wyeYgdYHKqmRDbiCPL1S7J4R6DebYmT&sz=w1000
Christmas Wall Clock,https://drive.google.com/thumbnail?id=1nhmgoGf5GLd99yOvdz8rGNDA7leSzz9A&sz=w1000
Clock Compass Design,https://drive.google.com/thumbnail?id=15HCTD5XKLbMX_54IKk4g0NxdMTlsHhee&sz=w1000
Clock Clipart,https://drive.google.com/thumbnail?id=1qoQGzbfrH5RkQoJhgYwFRP_853Nd2fqy&sz=w1000
Clock Face Design,https://drive.google.com/thumbnail?id=1L7I245SsAVFpP4a6ZPVx216KFistz8Xr&sz=w1000
Clock Face Bundle,https://drive.google.com/thumbnail?id=1nH46s0MV7bEbVKL-McTuEF4YOykpillz&sz=w1000
Clock Template,https://drive.google.com/thumbnail?id=1OhqQ5sykiDI6TkDJU-d0cEm6yU7WPY91&sz=w1000
Clock Laser Cut,https://drive.google.com/thumbnail?id=1UexzXWBOHlsUtCTTY8sk-aJ2cYI4LXK6&sz=w1000
Tree Clock Design,https://drive.google.com/thumbnail?id=1JjMePh51UcDfjuWqcTV4KAZcsFE5-aEh&sz=w1000
Flower Clock SVG,https://drive.google.com/thumbnail?id=1Z8sNSNp3krOWr9a_Nyw7y1TLxXEKYv31&sz=w1000
Wreath Clock SVG,https://drive.google.com/thumbnail?id=1UCFerCyHCNryz14kNFimHNWFw-FCP0ck&sz=w1000
Simple Clock SVG,https://drive.google.com/thumbnail?id=1RMTG-UlczDcPa7kR7UGVY_fkDzW35TNt&sz=w1000
Photo Frame Clock,https://drive.google.com/thumbnail?id=1JQVOQKZo-ZPk1CSIPISzZHBX1D0BVSfE&sz=w1000
Pattern Clock Design,https://drive.google.com/thumbnail?id=1ndlHhmP1rofdEzep2w8EOIryS_UMDzNO&sz=w1000
Animal Pattern Clock,https://drive.google.com/thumbnail?id=11JvahOXorbsgMeiZ5YGRpyUIKuAjpIsD&sz=w1000
Beads Wall Clock,https://drive.google.com/thumbnail?id=1ibqTfL7X7FkNQSN2jJrYGEP-GfJVf4Of&sz=w1000
Gear Clock Design,https://drive.google.com/thumbnail?id=19SboHVz_95qXDU6S4Sq9hF6RbZ0WP7gR&sz=w1000
World Map Clock,https://drive.google.com/thumbnail?id=1YQ3sIfWNbGkpPUo79EWCyb-mywPAhWlP&sz=w1000
Compass Clock Design,https://drive.google.com/thumbnail?id=1CiUWh4iPKLosdM1t_gKTKrpAs1unLlV7&sz=w1000
Rose Lantern SVG,https://drive.google.com/thumbnail?id=1G7JfiTzfq34A3qJP5fddCKlFXyXe1wU_&sz=w1000
Daisy Wall Clock,https://drive.google.com/thumbnail?id=13-yr3dkv9CaHNVJLiiQE5zD3LYXr0QKr&sz=w1000
Decorative Wall Clock,https://drive.google.com/thumbnail?id=1oXVgifWr8XUff8ebgyElLRWd6j7WVxDz&sz=w1000
Decorative Clock Bundle,https://drive.google.com/thumbnail?id=10BX8qd27RnnxKHaCWuwZkxbHzMAZ9UYu&sz=w1000
Decorative Music Clock,https://drive.google.com/thumbnail?id=1ISR_kMfYfIz4ChodsToXCf6-yx3wM23L&sz=w1000
Decorative 3D Clock,https://drive.google.com/thumbnail?id=1B1gwKo0Ot99tHvZO8yWbJuGgUwhk_dN3&sz=w1000
Decorative Flower Clock,https://drive.google.com/thumbnail?id=1cU22QW4ZvvztMeSA35Mq8ZH393QKlFtr&sz=w1000
Decorative Mandala Clock,https://drive.google.com/thumbnail?id=17u43txqOEHsnFNHkWinF2A9zAmRZYASN&sz=w1000
Decorative Laser Clock,https://drive.google.com/thumbnail?id=1xPTGyi1w1CDIrskBAbwH1Pzm2mgRFmAw&sz=w1000
Decorative Wooden Clock,https://drive.google.com/thumbnail?id=1NFIiKZTU9gk95vydUIJdzmCaON2hEH2b&sz=w1000
Decorative Vintage Clock,https://drive.google.com/thumbnail?id=1ivt7q0c9VzKBBOovMWiTV-hks7RMYU8g&sz=w1000
Decorative Family Clock,https://drive.google.com/thumbnail?id=1f6Yv9I2IWfxidHAHCizIoIHb-9bbY7h2&sz=w1000
Decorative Animal Clock,https://drive.google.com/thumbnail?id=1Z7OLWqfeDT2kg7viTqa5xBATAJjm8HoP&sz=w1000
Decorative Photo Clock,https://drive.google.com/thumbnail?id=1WqSgUMIGd34A8Pn3coJmGG1Xlzuxv0Ry&sz=w1000
Decorative Art Clock,https://drive.google.com/thumbnail?id=10kemi0m_U230QgS16WCfA9s1HL4Lh3Iq&sz=w1000
Decorative Home Clock,https://drive.google.com/thumbnail?id=108Zf9d9NfWd29qDLcyENZh6HBkVY3Lv4&sz=w1000
Decorative Modern Clock,https://drive.google.com/thumbnail?id=1OK6vmf-X7Vi8Y8qxBrq6guw3OUThDsqW&sz=w1000
Decorative Luxury Clock,https://drive.google.com/thumbnail?id=1ylwOhXFbWV4MDZ6Ib0XAaSuNVZQo0pnG&sz=w1000
Decorative Rustic Clock,https://drive.google.com/thumbnail?id=1Vs1Va8qun90cp0W2wQEnN_yV72PPt1CS&sz=w1000
Decorative Round Clock,https://drive.google.com/thumbnail?id=1le78b6M358UjCrIK38CwVaqbUZvKg_iq&sz=w1000
Decorative Unique Clock,https://drive.google.com/thumbnail?id=1xahbe44To3pzPXyCc-5N3MkPhopbbn-z&sz=w1000
Decorative Classic Clock,https://drive.google.com/thumbnail?id=112W3GxAShqOgz3xUF9VEhLxAgTKbMMf6&sz=w1000
Decorative Layered Clock,https://drive.google.com/thumbnail?id=1VOgODC791OGaX8-cBj1dCrqdOaTHKALY&sz=w1000
Decorative Office Clock,https://drive.google.com/thumbnail?id=13HBYmDBS63yDT83x_rIgKQIN_zxf3uXX&sz=w1000
Decorative Desk Clock,https://drive.google.com/thumbnail?id=1-V6Lr7BIkOQIA-0urUMwIOhRhrcBNWBU&sz=w1000
Decorative Hanging Clock,https://drive.google.com/thumbnail?id=14xmaRZRmTfHK_ldYN53HmaE2DKSO8Ebn&sz=w1000
Decorative Wall Art Clock,https://drive.google.com/thumbnail?id=1tXJ3HNb_E-J4ZefTJUw0C1MxVRwalnwa&sz=w1000
Music Wall Clock,https://drive.google.com/thumbnail?id=1aS0VYb0_QCYfScmMBxXyeYKysl2pVAAp&sz=w1000
Deer Wall Clock,https://drive.google.com/thumbnail?id=1rkbdPmzYrtGDAAeRypXc0AD4vzouou34&sz=w1000
Dinosaur Wall Clock,https://drive.google.com/thumbnail?id=1mZtxahEaI6qy7zF9MlLJxJzItW2HHKWh&sz=w1000
Dogs Wall Clock,https://drive.google.com/thumbnail?id=11ksV6RjmY5qRpSAxzlbuMT_pW9KD-Yi7&sz=w1000
Eagle Flag Clock,https://drive.google.com/thumbnail?id=1Z-zSz-1VBQZeNL8ivUmJKxKdGwz21NTb&sz=w1000
Eagle Native Clock,https://drive.google.com/thumbnail?id=1xPemcFjrySo3Sin2-s3Cn3k8ACzwwmjs&sz=w1000
Fall Layered Clock,https://drive.google.com/thumbnail?id=1TTb7vIjoJ2dHPikpi67yf14sceJiYN5w&sz=w1000
Butterfly Clock Template,https://drive.google.com/thumbnail?id=1Q-AHADEJcm825rZpNbPW0_zLuJFGApn9&sz=w1000
Father Day Clock,https://drive.google.com/thumbnail?id=1h-qOAwAjBB3gUlSlC-_SZKwPZ_gtFJFQ&sz=w1000
Fire Helmet Clock,https://drive.google.com/thumbnail?id=19C2_kujOhug-oxg94UzaVYfwXi9wjvYW&sz=w1000
Fire Truck Clock,https://drive.google.com/thumbnail?id=1eOz8Eoontmt_WRmKREEG4x-9L_akYYVK&sz=w1000
Fishing Wall Clock,https://drive.google.com/thumbnail?id=1WKdSoG2Nap89bfVS3SDEJZ8WnAUdbu3g&sz=w1000
Flower Wall Clock,https://drive.google.com/thumbnail?id=1k2FfIQ9rFWaHqOYQeBhD1WbFKOXL5YNA&sz=w1000
Funny Owl Clock,https://drive.google.com/thumbnail?id=1LlJpF6X1ZmQ_8GMrLXwmmWDtLmpAf8xl&sz=w1000
Gears Wall Clock,https://drive.google.com/thumbnail?id=1Rqxdt5RURPpaD9HUXTWPe3CSelAchs3O&sz=w1000
Bear Wall Clock,https://drive.google.com/thumbnail?id=1q9yIHOVlny_MLW5K7igfEVURgtNTUx6l&sz=w1000
Halloween Clock,https://drive.google.com/thumbnail?id=1SIWj9XDAttgqrvoB9hRTuhZXB4xUb533&sz=w1000
Highland Cow Clock,https://drive.google.com/thumbnail?id=1eau0Bdkyz15tXIlUwBWRpfz5AU2yi5eH&sz=w1000
Horse Shoe Clock,https://drive.google.com/thumbnail?id=1u-KB_-DvoXP1J0e2iNukdwtVXbgwWTta&sz=w1000
Horse Wall Clock,https://drive.google.com/thumbnail?id=1vlM0CfmYfcMYhm6ECQONQMm9Au5fyM0O&sz=w1000
Wall Decor Bundle,https://drive.google.com/thumbnail?id=18EM5jTQJbHVd1umQadeBp4UalG0vseeS&sz=w1000
Hunting Stag Clock,https://drive.google.com/thumbnail?id=1KNXms4y4cxCLOhisHc5mzUdGwcXJdhLN&sz=w1000
Kids Learning Clock,https://drive.google.com/thumbnail?id=1d93eX_qwj0dzu0uS_Dx_i5-oMYjwGtEB&sz=w1000
Laser Wall Clock,https://drive.google.com/thumbnail?id=1pUeJTRih1OeUutEQccctidlsXPmnuqEm&sz=w1000
Laser Cut Clock,https://drive.google.com/thumbnail?id=1z9OwqupRjMy2bljyYBjLPJudB1mucz91&sz=w1000
Laser Cut Bundle,https://drive.google.com/thumbnail?id=16ZqV0MzxEX3flTPNbadfvmM07JFXlGYU&sz=w1000
Laser Decor Clock,https://drive.google.com/thumbnail?id=1J0oK54TX91BaA4NO6y9CugCreCH2kZVE&sz=w1000
Laser SVG Clock,https://drive.google.com/thumbnail?id=1GUI6CqrJxMJMuLx3ckoeXzXzuLCRJNrY&sz=w1000
Laser Wooden Clock,https://drive.google.com/thumbnail?id=1fiKDiF7dh8FnC0wbTmzqvCVX2oPswam_&sz=w1000
Laser Pattern Clock,https://drive.google.com/thumbnail?id=1cPIkfqHqRDekayj4uhDUw5PU4Won95rP&sz=w1000
Laser Mandala Clock,https://drive.google.com/thumbnail?id=1tj8xvHsd3QCzvuDxg2199Yo3DEZdBLPC&sz=w1000
Laser Art Clock,https://drive.google.com/thumbnail?id=1q8jYOdKEKPxBMpGd7KJwiZ7tuObTTewE&sz=w1000
Laser Family Clock,https://drive.google.com/thumbnail?id=1YiSYH0JAIvO52waqMMs5g99HgEBQLLnP&sz=w1000
Laser Flower Clock,https://drive.google.com/thumbnail?id=1KKsYGKuqEizkDzzeRk09PJ3Mr5MgzGn8&sz=w1000
Laser Animal Clock,https://drive.google.com/thumbnail?id=14N1Wzr2sCEPOR7b3gzFd5a7QVOtf1JIg&sz=w1000
Laser Vintage Clock,https://drive.google.com/thumbnail?id=1urrqE4LZdLPsI86F7sl2JRhiPtWKsqWj&sz=w1000
Laser Modern Clock,https://drive.google.com/thumbnail?id=12YRUzgqHJTzIItSYL6Qm_iZZP2wmc2tN&sz=w1000
Laser Office Clock,https://drive.google.com/thumbnail?id=1TQV7qzypEmao_vY9Qqt8HBv9kEAbfdD2&sz=w1000
Laser Desk Clock,https://drive.google.com/thumbnail?id=1q_9l5aI9rH7yBiVymdSHVsUhb3bHJBhV&sz=w1000
Laser Hanging Clock,https://drive.google.com/thumbnail?id=1I57ID1XnEDNug3jJa6sMfaO5NcWP-7QQ&sz=w1000
Laser Decorative Clock,https://drive.google.com/thumbnail?id=1ynTjHLeFHrlf7njHtTakjNabj3rCrHC2&sz=w1000
Laser Multilayer Clock,https://drive.google.com/thumbnail?id=1mqxCF92gWeB37e2o_ykVWpoD0Om5FI3Q&sz=w1000
Laser Round Clock,https://drive.google.com/thumbnail?id=1ftay84Ao0u_cnDcg2TWAWvXRhl5_uwu9&sz=w1000
Laser Rustic Clock,https://drive.google.com/thumbnail?id=1hON3lUu7S-xMUO0jkDkXLCeQ34eyjxhG&sz=w1000
Laser Luxury Clock,https://drive.google.com/thumbnail?id=1UAKH6JA5QKdXKIn8n5857XENxDzg63Bz&sz=w1000
Laser Photo Clock,https://drive.google.com/thumbnail?id=17C53w6RXx9MeKFIvWcRfevUeqM-_GABF&sz=w1000
Laser Shadow Clock,https://drive.google.com/thumbnail?id=1fRALoZUYnKcg4nrRGDFlZh_LPT5wt_Mp&sz=w1000
Laser Abstract Clock,https://drive.google.com/thumbnail?id=1T756vJ52TARYnH516hCf2kPuMPMqTkkq&sz=w1000
Kids Number Board,https://drive.google.com/thumbnail?id=1YU86Ua8_zgXdT-07JBZkg7omLt3dEmjC&sz=w1000
Multilayer Wall Clock,https://drive.google.com/thumbnail?id=1ucnZXTzuG5ISTyMfuV5bwzxvueDriyhr&sz=w1000
Clock Decor SVG,https://drive.google.com/thumbnail?id=154AttVP_4VWUlKRahlGcRKFYn8_v0Yb-&sz=w1000
Christmas Layered Clock,https://drive.google.com/thumbnail?id=137OK9cfyaftLZT7uC75Va-Tne7d6ZeXH&sz=w1000
Beach Layered Clock,https://drive.google.com/thumbnail?id=1f3yBWpvT1S_x7eKto-lehImjqKq5Q1IQ&sz=w1000
Mandala Clock SVG,https://drive.google.com/thumbnail?id=1ZolISLRdz-bTKADHXmI0vHUQpkZvcRsT&sz=w1000
Learning Time Clock,https://drive.google.com/thumbnail?id=1YoG3nFstxsdl6e0w1QD08luCXCVyq_Ul&sz=w1000
Luxury Wall Clock,https://drive.google.com/thumbnail?id=183zvYuqWO3PsgmVRVttdjDWzuiuYePOI&sz=w1000
Luxury Wooden Clock,https://drive.google.com/thumbnail?id=1W8TPawfZCDT9fwCn5vaGQ5oU87wEyhME&sz=w1000
Luxury Modern Clock,https://drive.google.com/thumbnail?id=1yyXHlfCfgIe7FPUGoml1NEkFSCiK8KDc&sz=w1000
Luxury Decorative Clock,https://drive.google.com/thumbnail?id=1mw4gOWkGYr1xYKLKHfvAZG-HGBdz47O_&sz=w1000
Luxury Mandala Clock,https://drive.google.com/thumbnail?id=14wEUp7PQMfCwNUlf33MlNkbFpPW0Fc27&sz=w1000
Luxury Vintage Clock,https://drive.google.com/thumbnail?id=1jlmGqNedOjWZ4JV5Oc1u59sX8AggK_fW&sz=w1000
Luxury Family Clock,https://drive.google.com/thumbnail?id=1twVYtNvuqndPPKCm4Oy9XNKtodytiFF8&sz=w1000
Luxury Desk Clock,https://drive.google.com/thumbnail?id=1-ZOQTdhEUgscQ2WJVZeLe34d2XVSZSaD&sz=w1000
Luxury Hanging Clock,https://drive.google.com/thumbnail?id=1wMwr1sbHx940e5x187MOP6JI86toh0lN&sz=w1000
Luxury Round Clock,https://drive.google.com/thumbnail?id=1g32EXzTqIxA8yZTyRuVCv5DespEcbwtH&sz=w1000
Luxury Office Clock,https://drive.google.com/thumbnail?id=1TZRUJoZqEhzmWAhOIWUCatORKutOXYJj&sz=w1000
Luxury Layered Clock,https://drive.google.com/thumbnail?id=1MQKuyaopRutWB_ARPk38pLLsk64pexVd&sz=w1000
Luxury Rustic Clock,https://drive.google.com/thumbnail?id=14aRac3xK0ncNKaslCkFt2vM_ypGHqdeh&sz=w1000
Luxury Wall Decor,https://drive.google.com/thumbnail?id=1o2qXgZiwy2RW4p8W4oAA17n8REt5kw67&sz=w1000
USA Map Watch,https://drive.google.com/thumbnail?id=1JrhNwUbYc2MopVMizvIOqrbVN0oRILuJ&sz=w1000
Mermaid Tail Clock,https://drive.google.com/thumbnail?id=1SE17ooyoKKh0tc8YNdHVzjfz2CO8vjCD&sz=w1000
Christmas Clock Bundle,https://drive.google.com/thumbnail?id=1E8WUXS-mnc-VnH8rSq8Tlq5zcBNd7mvB&sz=w1000
Metal Car Clock,https://drive.google.com/thumbnail?id=1wNnjcIoNw_r-S11JwGJKkXNfOXtrsNLQ&sz=w1000
Metal Clock DXF,https://drive.google.com/thumbnail?id=1hQhZBFVAC6mqhIjTvJ5JjeNJOcGx6Mvi&sz=w1000
Metal Radio Clock,https://drive.google.com/thumbnail?id=1E-UNYjFuvYpWUQcr7mPCZtjNNLUyoqBw&sz=w1000
Photo Clock DXF,https://drive.google.com/thumbnail?id=1YwmhSoggkJXNcrWOFu3vJRomzlbSpUhk&sz=w1000
Mini Photo Frame,https://drive.google.com/thumbnail?id=1kXJQ_YAIFQ-ZbVepB7cBngzgs_c0tlrV&sz=w1000
Modern Alarm Clock,https://drive.google.com/thumbnail?id=1R7JFREgbiwGD0AOqH6yZuZpKRlGf8YsY&sz=w1000
Modern Wall Clock,https://drive.google.com/thumbnail?id=1REZcITCJadZ2hR2rxhNOs9jLMlahMSzv&sz=w1000
Modern Wooden Clock,https://drive.google.com/thumbnail?id=1BCNo-Y-ygvzhT8a2TsJoRshMmk2dKh01&sz=w1000
Modern Decorative Clock,https://drive.google.com/thumbnail?id=1GwaaO0gVptzmiB8oDtXgVrF9tjYcf3yZ&sz=w1000
Modern Mandala Clock,https://drive.google.com/thumbnail?id=1-2fPdyWfL3o5L0k7CmZ8NaXG1BLBNRaK&sz=w1000
Modern Family Clock,https://drive.google.com/thumbnail?id=13_WHnxMbv1MLRmVf1WzUPAVLIcM-sNo2&sz=w1000
Modern Office Clock,https://drive.google.com/thumbnail?id=1a8iYtD5nbprbt5Ah6OHX0aYWakN9gkE1&sz=w1000
Modern Desk Clock,https://drive.google.com/thumbnail?id=134fQ38M4uRSIYZE6XPLM-cY7Ytj0pk9u&sz=w1000
Modern Layered Clock,https://drive.google.com/thumbnail?id=1nqrifK1Aao9o-1TC2Zry8miDap5BrK9Z&sz=w1000
Modern Hanging Clock,https://drive.google.com/thumbnail?id=1TTdRBM3bxgj9wo4-VM5MnOtf2j0f6M_M&sz=w1000
Modern Round Clock,https://drive.google.com/thumbnail?id=12ht-hVhOrFbl7kdvwFW94x3YyCn22j7A&sz=w1000
Modern Laser Clock,https://drive.google.com/thumbnail?id=19eugGeGBvBRHMRXCilfN56k0pdVHdtbw&sz=w1000
Modern Rustic Clock,https://drive.google.com/thumbnail?id=11919amRrDiU6qqLb0riehr2wBaPimSws&sz=w1000
Modern Vintage Clock,https://drive.google.com/thumbnail?id=1SxTa4mgS6n-0QToXX69o8emjYE2BLkM_&sz=w1000
Modern Luxury Clock,https://drive.google.com/thumbnail?id=1v_LFwH7_Olm6izErdTbV1HfFHvBf4SoX&sz=w1000
Mom Puzzle Sign,https://drive.google.com/thumbnail?id=1bz5TscN5gw5xpq9voRLxCFj8Y4hQRze2&sz=w1000
Lotus Mandala Clock,https://drive.google.com/thumbnail?id=11wJYipDxlVhFe-SQ6rtIM51LhnOp8YsL&sz=w1000
Heart Clock SVG,https://drive.google.com/thumbnail?id=1zdKxxrLela4shhGd8Wej9AJvKVQnL8tZ&sz=w1000
Mandala Graphics,https://drive.google.com/thumbnail?id=16XolOeF1ehiRXwEBhwrFuFThAwarG772&sz=w1000
Mandala Templates,https://drive.google.com/thumbnail?id=1OrW6EuKNYwsxybEwjtf2qM2P_dV3V2G4&sz=w1000
Mandala Wall Clock,https://drive.google.com/thumbnail?id=1_v_YZmLZbhqYD2nbbLLFpmYEXxvr-qJC&sz=w1000
Mandala Decorative Clock,https://drive.google.com/thumbnail?id=1KI7EjJzVv_Urhy2JhAWQL8c5HoLi4RVI&sz=w1000
Mandala Layered Clock,https://drive.google.com/thumbnail?id=1OJKjmeESmGqmFF7OuEYwqxfbfqA_3Y90&sz=w1000
Mandala Wooden Clock,https://drive.google.com/thumbnail?id=117cgD-R1FwrSHodYiVLu4Z_9KdG4qmyA&sz=w1000
Mandala Laser Clock,https://drive.google.com/thumbnail?id=1I6DEd6IMgQovyZvI-a_nQtxAdzBtVel5&sz=w1000
Mandala Vintage Clock,https://drive.google.com/thumbnail?id=1PI9JEAkV0UIP85HA3SvmU-b8PoOmq7Sz&sz=w1000
Mandala Family Clock,https://drive.google.com/thumbnail?id=1Lz8vcqzg6HYaplwucD0JBYpig_h9wtDS&sz=w1000
Mandala Round Clock,https://drive.google.com/thumbnail?id=1Xrmh2so_yR0JDXoeGxuvkKkWvSnI8_eg&sz=w1000
Mandala Art Clock,https://drive.google.com/thumbnail?id=1-9yWe1IcG_8Xl70Twszvq0GE5_ckP0Y_&sz=w1000
Mandala Modern Clock,https://drive.google.com/thumbnail?id=18YJZdlKb65DJa-DWv4dYVEFefqPt6_jJ&sz=w1000
Mandala Luxury Clock,https://drive.google.com/thumbnail?id=1AF84_LDVsjujywBQOkrJRnCbUmogPgMR&sz=w1000
Owl Wall Clock,https://drive.google.com/thumbnail?id=1Wg8NF74cRZYh3rfLydmJoL7LTMNXLYWV&sz=w1000
Unique Wall Clock,https://drive.google.com/thumbnail?id=1e8c1Uz-nh25Tcj_NMShFiMgM0rkpVnQ3&sz=w1000
Wooden Papercut Clock,https://drive.google.com/thumbnail?id=1xe3xVviBcY5Zo4z4GRE0lSAgeHPFrj7j&sz=w1000
Mandala Layer Clock,https://drive.google.com/thumbnail?id=1xJcznPBmQ-7G8cKAPeOxvfARul-G06Gx&sz=w1000
Music Decorative Clock,https://drive.google.com/thumbnail?id=1nl40D9e4wBTVWN7TnR7_kzu0z67-EZb4&sz=w1000
Nautical Wall Clock,https://drive.google.com/thumbnail?id=1md-2uplfamckdTe5FZN_xnSv5Ek587oL&sz=w1000
Astronomical Clock,https://drive.google.com/thumbnail?id=1P4dIP8MQoHvP4bZOhOrBF5puCBdNVNyX&sz=w1000
Clock Parts SVG,https://drive.google.com/thumbnail?id=1UlrMvAPhPWJvTh5aACe2u4aQPx156s5e&sz=w1000
Clock SVG Bundle,https://drive.google.com/thumbnail?id=15VlxvIdx-X5b8xO8g_MrB1HpTIl9Dw9S&sz=w1000
Pen Holder Clock,https://drive.google.com/thumbnail?id=1Niaektrm4kpBl1OA0xa7f61IapP4kMY1&sz=w1000
Perpetual Calendar,https://drive.google.com/thumbnail?id=1JtME0D7DOCyWigujD4LSozgcenJ3hIBa&sz=w1000
Calendar Clock Set,https://drive.google.com/thumbnail?id=1UCNu8965R0JOAKGfNHJGaP1EUWPaOl-s&sz=w1000
Phone Stand Clock,https://drive.google.com/thumbnail?id=1WMGTbDZG3whnB9XS-sctLZu4VIily80b&sz=w1000
Bowling Wall Clock,https://drive.google.com/thumbnail?id=1wUV6h7QJixlQbR7m9ov1G3TP4T2s5Luu&sz=w1000
Playing Card Clock,https://drive.google.com/thumbnail?id=19n1L4VHNW0E2Tw9gL6v_OCayTELxW6he&sz=w1000
Retro Vintage Clock,https://drive.google.com/thumbnail?id=1cnmPZu3TUvmc0J4fSazgkooheql5NROe&sz=w1000
Sea Life Clock,https://drive.google.com/thumbnail?id=1eQLPvlqNJXn3Phrkzhxy16IdH4T2MVQ-&sz=w1000
Christmas Templates,https://drive.google.com/thumbnail?id=1aWrtFg6zaNo7LgrJdlzxtP7AP0hQ4LOO&sz=w1000
Sewing Wall Clock,https://drive.google.com/thumbnail?id=1Klla5M24RIgm58Gma4ADePslqbP_I6-a&sz=w1000
Soccer Wall Clock,https://drive.google.com/thumbnail?id=1inRbmEBhq-4IhI9Uc6FTYQGpUvDjM0Vn&sz=w1000
Steampunk Clock,https://drive.google.com/thumbnail?id=1etZJ2CD1WYFodI7YExpkKxcq5MesWOUG&sz=w1000
Succulent Decor SVG,https://drive.google.com/thumbnail?id=1CI0R0bmnHRJq-bofMdy7QLd1kWW9nFnI&sz=w1000
Pendulum Table Clock,https://drive.google.com/thumbnail?id=1O-Nd9pFCeqkBiMgICQUHcPQTctLkW87k&sz=w1000
Coffee Clock Design,https://drive.google.com/thumbnail?id=1JtE0xvzHQ7hbGRk5by-QVcfWs9lStu98&sz=w1000
Tractor Wall Clock,https://drive.google.com/thumbnail?id=126SxSKYfKnL3xlrPsMsh6LHF0fgWqPSA&sz=w1000
Trumpet Wall Clock,https://drive.google.com/thumbnail?id=1kvhtPcqUnYxdER-Q1mBVF0-RnPAr_Qim&sz=w1000
Turtle Wall Clock,https://drive.google.com/thumbnail?id=1MHbO0qzP0pv-EsrQYIGBoBUKkLb9SlHi&sz=w1000
Valentine Wall Clock,https://drive.google.com/thumbnail?id=1vza0Z7AAN6ViQmip4PuKc79NGWyJhZdd&sz=w1000
Valentine Clock Bundle,https://drive.google.com/thumbnail?id=1NuiMlB7PDKoPipWlOyhC4UgBuYVw_y2W&sz=w1000
Vintage Clock Face,https://drive.google.com/thumbnail?id=16fQU96LHITLL6H-j9iaA539zFbTE4ild&sz=w1000
Elegant Vintage Clock,https://drive.google.com/thumbnail?id=1VYQj8YXVvhYhItpwVlX0CEqfSgNfi4gZ&sz=w1000
Decorative Clock Face,https://drive.google.com/thumbnail?id=1hMGwjM4tOHNQp6-ruRbn8qqBTmwyKC4U&sz=w1000
Journal Clock Design,https://drive.google.com/thumbnail?id=1SfOEL7affgDcdZ7KpY5i6X10GG7i-UoR&sz=w1000
Vintage Clock Clipart,https://drive.google.com/thumbnail?id=1UrtSC_8lOiTBS2XxOlqul0oNw8cZBpsX&sz=w1000
Vintage Decorative Clock,https://drive.google.com/thumbnail?id=1xVSylzvYX6hgvB33XZ-97BrDiD-GQrWe&sz=w1000
Vintage Wooden Clock,https://drive.google.com/thumbnail?id=1mi2KR0Q6WqU2rSnMQZeFikEc-ogxUPGX&sz=w1000
Vintage Mandala Clock,https://drive.google.com/thumbnail?id=1StHjZs4DrSqEgrcw0Yu1M3s4xYE1g0WL&sz=w1000
Vintage Family Clock,https://drive.google.com/thumbnail?id=1pPTq3VRM8TUogRvTWeVlumJSrAnIIXZ8&sz=w1000
Vintage Hanging Clock,https://drive.google.com/thumbnail?id=1KEOHEfdhYx0XqUMgi0KAfTmo1E4zAhBs&sz=w1000
Vintage Office Clock,https://drive.google.com/thumbnail?id=1v_PIgnU9-NaEmqS0N0yn3zqkb8XCNmWt&sz=w1000
Vintage Round Clock,https://drive.google.com/thumbnail?id=11-KgdTIUxmvG3Bbg1SSTOxsCxIQWF6UK&sz=w1000
Vintage Layered Clock,https://drive.google.com/thumbnail?id=1qOBGRru-p015_WjNNnbz0CHGMY2UMU4v&sz=w1000
Vintage Art Clock,https://drive.google.com/thumbnail?id=1X_S8bYCeAYz6CSgkP0xNHpI11GqCtxjI&sz=w1000
Vintage Rustic Clock,https://drive.google.com/thumbnail?id=1t-XIFX5V_kq9pfT7WR9JviVJjkxfPojC&sz=w1000
Modern Wall Clock DXF File,https://drive.google.com/thumbnail?id=1OyGm1vmnSSpdJezIwIa87R0XY2KlaKWv&sz=w1000
Luxury Wooden Wall Clock DXF,https://drive.google.com/thumbnail?id=1QkrzzXc1BUqn4cPaJOiiN-In_z3Zf44q&sz=w1000
Islamic Wall Clock CNC DXF,https://drive.google.com/thumbnail?id=19Gvln6UsJ_Bp-dqUhWpK6WIjBrnRyKjT&sz=w1000
Laser Cut Clock SVG DXF,https://drive.google.com/thumbnail?id=16uxn4HoYVFJCd_wyRNp253pSp2CNxjjp&sz=w1000
Decorative Clock DXF Design,https://drive.google.com/thumbnail?id=1ye7QUyjlHoI6LVue6mYWWpy--TP9oomf&sz=w1000
Minimal Wall Clock DXF,https://drive.google.com/thumbnail?id=1_HkDeBzxmxFU6v1qDdTvfb1fGFAvjqGn&sz=w1000
Round Clock CNC File,https://drive.google.com/thumbnail?id=1Kgx-GfsgkaFhs6oDgg_PBRY8yG8SxxtN&sz=w1000
Wood Clock Laser Cut DXF,https://drive.google.com/thumbnail?id=1Tt-7nq7O610zHYntUXpVE330OTcjT0Vv&sz=w1000
Mandala Clock SVG DXF,https://drive.google.com/thumbnail?id=1fFsVmDW-fRjUWxWD7bwDcMm1G4RcIwBd&sz=w1000
Arabic Clock DXF Design,https://drive.google.com/thumbnail?id=1xJBSnsP_eirVRxAfTvqhw6eF_czHYnD0&sz=w1000
Classic Roman Clock DXF,https://drive.google.com/thumbnail?id=1u7RNozmWfL7jpvnbDlU-VJnoNpS9gM8F&sz=w1000
Geometric Clock DXF File,https://drive.google.com/thumbnail?id=1zFpshHq9jcvnmKHl4hI0Fai8yQSCepVB&sz=w1000
Vintage Clock CNC Design,https://drive.google.com/thumbnail?id=1DzoVMvGasske6-gh6hyWio89tEBJO7L9&sz=w1000
Large Wall Clock DXF,https://drive.google.com/thumbnail?id=1LDGuaRnXiRU5Z_MLIVzid12B2oPeMjeX&sz=w1000
3D Layered Clock DXF,https://drive.google.com/thumbnail?id=1W1JL6QgUECGYQdpEA_Tx8bQ4MUGN3VOW&sz=w1000
Clock Template For CNC,https://drive.google.com/thumbnail?id=10K2c8HmTqPbxlkXlttQpcLYV6oN_PbaF&sz=w1000
Clock Vector DXF File,https://drive.google.com/thumbnail?id=1OBK8u2DVd0dSHbYhCpYs-gDvRlYf_1uX&sz=w1000
Wall Decor Clock DXF,https://drive.google.com/thumbnail?id=1ZWEIdyM_8ZdvQ7nzX_RlDpbTYVekxNaU&sz=w1000
Wooden Clock SVG DXF,https://drive.google.com/thumbnail?id=1v7km3n2CaT0dd91hdaZhjBGrllLk329Y&sz=w1000
Elegant Wall Clock Design,https://drive.google.com/thumbnail?id=1-qrD-4UA04IF_Pb_mH3q0G2o7mzauucp&sz=w1000
Modern Clock CNC Pattern,https://drive.google.com/thumbnail?id=1XY8zy_7_ZRSCTRO6cu6Zkj73Rz5128d6&sz=w1000
Laser Engraving Clock DXF,https://drive.google.com/thumbnail?id=1-iqc3BCUl00lTltnCe97p5f7b3wU8VFu&sz=w1000
Clock Cut File SVG DXF,https://drive.google.com/thumbnail?id=1q2kyCTkHSk4HhkuVppijRul_oq-6Gg9n&sz=w1000
Creative Clock Wall Decor,https://drive.google.com/thumbnail?id=1Pvf0EeuIROElA4oemyc4Xyj5LAJguTEJ&sz=w1000
Luxury Clock Laser Design,https://drive.google.com/thumbnail?id=1IflXwIUjwJmKa9610QW7Nk1H85_eqIVW&sz=w1000
Clock Router DXF File,https://drive.google.com/thumbnail?id=1Ucan0JLkZ-7r5QnvDA6CB_ewvzC3rwBe&sz=w1000
Abstract Clock Design DXF,https://drive.google.com/thumbnail?id=17_dwRei_zBQL0dpwuXzVDhwIlw-6UCOJ&sz=w1000
Clock CNC Router Pattern,https://drive.google.com/thumbnail?id=1A-N3aFQP41kkwJRKhq4EH8XHacsrCAhk&sz=w1000
Home Decor Clock SVG,https://drive.google.com/thumbnail?id=1CltqZtRNil6rxK5c5AeGyLyDf4JMA3gc&sz=w1000
Premium Clock DXF Model,https://drive.google.com/thumbnail?id=1qiFFY7qf-TaQS4XoiWA0n4SeZVGv39At&sz=w1000
Wood Art Clock DXF,https://drive.google.com/thumbnail?id=1GwJBi-_P4wo1lCgF3Ca1YH2TO_2m5vAf&sz=w1000
Decorative Wood Clock,https://drive.google.com/thumbnail?id=1QvEjrPIuCr_Qy_e6AxZFPtgGUJBlPMZr&sz=w1000
Clock Frame DXF File,https://drive.google.com/thumbnail?id=1YeAuIoblrIB7FucRoQ0oVP-PVBO5jALv&sz=w1000
Circle Clock Laser File,https://drive.google.com/thumbnail?id=1nJr8yoew1wOf5lRpNbcUBkasGRe7r_8B&sz=w1000
Clock Ornament DXF,https://drive.google.com/thumbnail?id=1-4QDLEa-1eRwmSL-Y3mIiStn5CBbbjd-&sz=w1000
Islamic Geometric Clock,https://drive.google.com/thumbnail?id=1BbP2mZht13j8_QRNKn-M8bNxK2xcjgFs&sz=w1000
Clock Design For CNC,https://drive.google.com/thumbnail?id=1LW5mdrLgXmb554J7_xyE_qHHejyTgg2G&sz=w1000
Living Room Clock DXF,https://drive.google.com/thumbnail?id=1t7jQ5aprcfrXMMmZNTtvN-846QR7IrIn&sz=w1000
Bedroom Wall Clock DXF,https://drive.google.com/thumbnail?id=1klstT9lYLAk8n8QU8njUrGb6TdSk9mUj&sz=w1000
Office Clock DXF Design,https://drive.google.com/thumbnail?id=1EGeV1dUPN43GrX6EJ1P9Q_ib2IABlKSL&sz=w1000
Mandala Layer Clock DXF,https://drive.google.com/thumbnail?id=1I5mbuM54TfvryYUbA7vEB4Zz64Mw47o1&sz=w1000
Laser Cut Wall Clock,https://drive.google.com/thumbnail?id=1_a03CIIdsM_GyxSUHbBkGHzjSmw9l_fq&sz=w1000
Clock Panel DXF File,https://drive.google.com/thumbnail?id=18wIgzH8uHTUAkHhxwlWbEVqvN1CSFbey&sz=w1000
Clock Art SVG DXF,https://drive.google.com/thumbnail?id=16tREhoA79lsR68GHEWGmgdaKmrzFyLz_&sz=w1000
Modern Home Clock File,https://drive.google.com/thumbnail?id=1EkMgdcPqwkBEmm-ZZ4kdW2zBwgBK0Ajr&sz=w1000
Decor Clock CNC Design,https://drive.google.com/thumbnail?id=1mcsisOsL3LUj_EQFLbxL8A_ccBKAXc-g&sz=w1000
Clock Wood Pattern DXF,https://drive.google.com/thumbnail?id=18AxXMIlnyI8rZTAulkPzvedeilxlqQvV&sz=w1000
Premium Wall Clock SVG,https://drive.google.com/thumbnail?id=1HUubaPx0tAeEcN2m-ebEJPl5rHH0ujOT&sz=w1000
Creative Clock Template,https://drive.google.com/thumbnail?id=1yQLGAdFOB1YIXVnWdhm3QELjMeSr1fmh&sz=w1000
Round Decor Clock DXF,https://drive.google.com/thumbnail?id=1-nLWEwlmi2ddT3zI80-SB508wzPuqmU-&sz=w1000
Elegant Laser Clock DXF,https://drive.google.com/thumbnail?id=18JPeFIAGWwx-BX7lDrlb4cgq0dcxLEog&sz=w1000
Minimal Clock Template,https://drive.google.com/thumbnail?id=1ktn_ear3EiZM4iALpFtwRyJZIPKslokd&sz=w1000
Decorative Clock SVG,https://drive.google.com/thumbnail?id=190UDeXQfxreUz9qfhrtMcMUkbV4B7OvU&sz=w1000
Clock Cut Design DXF,https://drive.google.com/thumbnail?id=1wV53wSVCy3eaOi6oBxjmr28iJCZnILVq&sz=w1000
Modern Wooden Clock,https://drive.google.com/thumbnail?id=1sQ20J2G2fEw7hzJsoXBj1p0ArM7eU7Jx&sz=w1000
Luxury Wall Decor Clock,https://drive.google.com/thumbnail?id=1unRrgIdQ1NuJd_heJ-zcVcvkuKOxgdGF&sz=w1000
Clock Panel Laser File,https://drive.google.com/thumbnail?id=1fNsAljmhyRniHsZvntS7IowS8X7uq_XK&sz=w1000
Geometric Wood Clock,https://drive.google.com/thumbnail?id=1cCLBLKQunqOjTa109O395aqhvvtCToHU&sz=w1000
Arabic Wall Clock File,https://drive.google.com/thumbnail?id=1LiYB97bw-ogk6STBcJzqwbjoypcMs8iR&sz=w1000
Clock Router Cut File,https://drive.google.com/thumbnail?id=1vJ3d0_v8QdNeMZluI7XOFIsiB6iSp2j5&sz=w1000
Classic Decor Clock,https://drive.google.com/thumbnail?id=1SPDBWk5OJIj_FkckfLvF_qoE_DFUDkGu&sz=w1000
Clock Ornament CNC,https://drive.google.com/thumbnail?id=1baV9AEUi8S3pg2tRO8htwL2OY570wYm2&sz=w1000
Large Decor Clock DXF,https://drive.google.com/thumbnail?id=1eqZ3jJCF1DHi3Lc8ITMK-i5ngQ0mx0lF&sz=w1000
Round Layer Clock SVG,https://drive.google.com/thumbnail?id=1O6LS5giOnJcapyvEgItscc7SGhIzsDFR&sz=w1000
Clock Wood Decor DXF,https://drive.google.com/thumbnail?id=1jHGUzR5TlWaEMkXVM_FyeT8sw94zFzoT&sz=w1000
Premium Laser Clock,https://drive.google.com/thumbnail?id=11lJB3l9g2RHpSUQRjK_d_tdQn2Ut3oSh&sz=w1000
Modern Art Clock DXF,https://drive.google.com/thumbnail?id=1GNLZ_VaQQKGGRQO9N3oIUQu60XWcWxTM&sz=w1000
Clock Interior Decor,https://drive.google.com/thumbnail?id=195tUYZTHuXXEz17r8NNUSzOofyEhNAML&sz=w1000
Clock Wall Decoration,https://drive.google.com/thumbnail?id=1KkhhfuK30WumCkRSw3Xtil0Uk2idK-5W&sz=w1000
Clock Laser Project,https://drive.google.com/thumbnail?id=1MMcE6Z8JV1-a9ehaCR_SCWNQCiiWPSo1&sz=w1000
Clock SVG CNC Design,https://drive.google.com/thumbnail?id=1oPqZp5YRe_WJY0ASSy2Fg-3-bjg0muxu&sz=w1000
Clock Decorative Panel,https://drive.google.com/thumbnail?id=1VlcCZvpdyDn6zdQB-hU_KGXiJMd35p6w&sz=w1000
Wall Clock Art DXF,https://drive.google.com/thumbnail?id=1xqOtrDkOACZpVGHBOGQp9Ea2fJX0Sw-X&sz=w1000
Clock Template SVG,https://drive.google.com/thumbnail?id=1Ie-kMkRWyaaLJmkSAwQt5l0ztdQstx2q&sz=w1000
Laser Clock Design,https://drive.google.com/thumbnail?id=17fuBBsQqEvLuy0OFqmqCaKxdvVxpaxGu&sz=w1000
Clock Home Decoration,https://drive.google.com/thumbnail?id=1QJQoEZAr3-oxX7ssdEWIDoal-f_URMEi&sz=w1000
Clock Furniture Decor,https://drive.google.com/thumbnail?id=1ZLap9iRysCN5_4NzWuAmvN_fmJ4ULhlh&sz=w1000
Clock Frame CNC,https://drive.google.com/thumbnail?id=1FVwnreZ_nUOyA2R12qtK1eMwQXWM67S0&sz=w1000
Clock Pattern DXF,https://drive.google.com/thumbnail?id=1B_7BfSkYzJGaIozMu4btqdrNLn8cQ99f&sz=w1000
Modern Clock Vector,https://drive.google.com/thumbnail?id=1mS14aluaUoznn1sOVaNSyDIDuzFyuoNt&sz=w1000
Clock Decorative Cut,https://drive.google.com/thumbnail?id=1Lhld1LjstrxAyLkR2e9NliW6zDdz068e&sz=w1000
Clock Layer Design,https://drive.google.com/thumbnail?id=1CHP5F8jOuk5XYE8KiGe50__ngvA1GKcU&sz=w1000
Luxury Clock Pattern,https://drive.google.com/thumbnail?id=1PzGmN25U-PJ_zxgBQWsswdV-F4rMOhTJ&sz=w1000
Clock Router Project,https://drive.google.com/thumbnail?id=1HMHoqcIdP5_nDqnOghVImAmmkxUktLW9&sz=w1000
Clock Ornament File,https://drive.google.com/thumbnail?id=1Yp0sIMllDmTlKqAO0bUr_uWAwO1ki0A-&sz=w1000
Clock SVG Laser,https://drive.google.com/thumbnail?id=1DWsTqHkaHEmhGzeX964xICAh02duZtDM&sz=w1000
Clock Decorative Shape,https://drive.google.com/thumbnail?id=1cy6AaWAU-fGcM-aot8YQaqnWWrm7Z2XY&sz=w1000
Clock Interior Design,https://drive.google.com/thumbnail?id=1qXw7IMTqudMyJ7mBNqlWlz6pNipj0DS0&sz=w1000
Clock Wall Art SVG,https://drive.google.com/thumbnail?id=1PkD4B6zCx_BXHb1NpVHget5KsNILAkZP&sz=w1000
Clock Wood CNC,https://drive.google.com/thumbnail?id=1ztm4RWG19XIaNV8F5pDjkX_2U2qKLI34&sz=w1000
Clock Decorative SVG,https://drive.google.com/thumbnail?id=1bGHCJEbmdqy5zfMZKIjV502on0eSNGpz&sz=w1000
Clock Modern Design,https://drive.google.com/thumbnail?id=1s0c6od5QRhIeffcTJFdGJo0BQsare_rb&sz=w1000
Clock Premium Decor,https://drive.google.com/thumbnail?id=1Cg1nikp885yKjfRNnb4K5IaZF6DI_cFF&sz=w1000
Clock Creative Model,https://drive.google.com/thumbnail?id=1NGhESLCFPKBT1gt6x5cdRBY9gi8yRlwm&sz=w1000
Clock Router Template,https://drive.google.com/thumbnail?id=1h7GJWBfshI_KjHhknEwcoji-QlsRsiKX&sz=w1000
Clock Layered SVG,https://drive.google.com/thumbnail?id=1SPAzjwVr9chOacrLA4Or8EFdVcG5Gd1J&sz=w1000
Clock Cut Pattern,https://drive.google.com/thumbnail?id=1HERR-2mqfmdgdAUcLEwgCpbU0DuXTK9v&sz=w1000
Clock Decorative CNC,https://drive.google.com/thumbnail?id=1YV0V4yomt4uY1qKulPThltEbBQOApLNU&sz=w1000
Clock Router Decor,https://drive.google.com/thumbnail?id=1xmuXEmMBsho6-78GjLVJbkmKTtIYg5hK&sz=w1000
Clock Wall Template,https://drive.google.com/thumbnail?id=1Xbsg27bkWaM09-d6np7gMdx01wYVEpzc&sz=w1000
Clock DXF Bundle,https://drive.google.com/thumbnail?id=1cJZm3fhAdPwDGiZQ2PhLSuOcO27VvyNr&sz=w1000
Clock SVG Bundle,https://drive.google.com/thumbnail?id=1K-m-D0GIqQMfaU334bdfnKIpjVarmX9I&sz=w1000
Clock CNC Bundle,https://drive.google.com/thumbnail?id=1ta0K3gG1BKRoKSWBEwyv3Q9epDSHztEW&sz=w1000
Clock Laser Bundle,https://drive.google.com/thumbnail?id=1G62ZlJy_5lL9BVeyxH9LER5zrbW5ybkz&sz=w1000
Clock Wall Decor DXF 101,https://drive.google.com/thumbnail?id=1vDR5Y5qusDUI6g7RulY94Y9Ob1XVhH6e&sz=w1000
Modern Clock SVG DXF 102,https://drive.google.com/thumbnail?id=17tENFoesDiA5MXGRUMaSXpC4r4oGqAbS&sz=w1000
Luxury Wooden Clock DXF 103,https://drive.google.com/thumbnail?id=1F9GMuiNCuA8RPabBZn6wtMzt1be1DVCh&sz=w1000
Laser Cut Clock Design 104,https://drive.google.com/thumbnail?id=1SwfbXmMoEufmtQBOTQgLNr3ys2MBVhkI&sz=w1000
Round Wall Clock DXF 105,https://drive.google.com/thumbnail?id=1QDgfYorg3TswawqlObt4hUzc1NPVyBaQ&sz=w1000
Decorative Clock File 106,https://drive.google.com/thumbnail?id=1RuSwd-npdmT5EyE4hg2b5qyaEn6bwUW1&sz=w1000
Clock Router Design 107,https://drive.google.com/thumbnail?id=1FxNt3n_suPq6jwvX_qVlOZgFkBt6mCjw&sz=w1000
Mandala Clock Pattern 108,https://drive.google.com/thumbnail?id=1FNFnCLz_bKft7VQvtt7baSopcFpOMDJe&sz=w1000
Clock CNC Template 109,https://drive.google.com/thumbnail?id=1wkUrMvaKIh-MEmN1uag7jt8_8l3w69Cn&sz=w1000
Clock Wood Design 110,https://drive.google.com/thumbnail?id=1q-t60CLXksIRRlsmf0YW9N4p07WgSLcY&sz=w1000
Premium Clock Decor 111,https://drive.google.com/thumbnail?id=1wrFkMZFNIWILhf4EuJedynznCchGXa8l&sz=w1000
Clock Art Vector 112,https://drive.google.com/thumbnail?id=16RZ648O2ldaJ2O7LWIO1a4Z2X1Y6WKxx&sz=w1000
Clock Panel Design 113,https://drive.google.com/thumbnail?id=1V_Y6YvMi31aOVS8SvLmtxqU_ydxQF0EM&sz=w1000
Clock Decorative SVG 114,https://drive.google.com/thumbnail?id=1kQuQLUw2bWMoSFKLjEgPW6MHUsp7apXi&sz=w1000
Clock Laser File 115,https://drive.google.com/thumbnail?id=1kjoe4iW9iS2hr0NxyhKnpAuIXKx8Hj_p&sz=w1000
Wall Clock Pattern 116,https://drive.google.com/thumbnail?id=1yeTTd1H0xXpmTwwmiy-SE9TohUmKtXlt&sz=w1000
Clock CNC Model 117,https://drive.google.com/thumbnail?id=13IswHTuoaKlTTYKmZw1WUSuTEmDd6eXa&sz=w1000
Clock Home Decor 118,https://drive.google.com/thumbnail?id=1jufWgN7xJK19FdqTgxsYrPgISyYVI31b&sz=w1000
Clock Design Bundle 119,https://drive.google.com/thumbnail?id=13r11bU5JAlapsgEfiiLAGmnulc2sxNg0&sz=w1000
Clock Router File 120,https://drive.google.com/thumbnail?id=16bl5kMlZKeOhNMkS_JxDPkHYYs8DPxGM&sz=w1000
"Premium Clock Decor ",https://drive.google.com/thumbnail?id=1YQL0VP2c3KhMDvXik-XqkJbdH2CRsF3i&sz=w1000
Clock Decorative Pattern 121,https://drive.google.com/thumbnail?id=1nDQWBGzhDtio7Eedb7IWlteDsA65H1uw&sz=w1000
Clock Ornament Design 122,https://drive.google.com/thumbnail?id=1ne6R8bLI7mjW7YtFkvXh9rmcejXX-LnE&sz=w1000
Clock Interior Decor 123,https://drive.google.com/thumbnail?id=1XfsTgUYI_Hu_b8EmEtLR-ts3SrTmd8M-&sz=w1000
Clock Wall Art 124,https://drive.google.com/thumbnail?id=1zMTUsdNmHC2WJx9xNc_fdQE6n0YRVkRL&sz=w1000
Clock Vector SVG 125,https://drive.google.com/thumbnail?id=1a-oI39qeHUe3h2momlGlGp3vUXs5-Jw5&sz=w1000
Clock Wood Art 126,https://drive.google.com/thumbnail?id=1JA8TzaxxkxBtdjRuLpuVyk65h5TWgOgz&sz=w1000
Clock Laser Project 127,https://drive.google.com/thumbnail?id=1oW8YY5ZxiaEgowryIKY7cCIX08OcXQ2a&sz=w1000
Clock Geometric Design 128,https://drive.google.com/thumbnail?id=1EaVt_5LzCOpRkCr0J9u2EmIc7pYs01z6&sz=w1000
Clock Decorative Shape 129,https://drive.google.com/thumbnail?id=1VA1dfjGZdgqpaDjnc5CC1lwrf_FOo6xT&sz=w1000
Clock Modern Style 130,https://drive.google.com/thumbnail?id=1tZTH68J2QAUukEv0CEDy1aDL6D3GcDHO&sz=w1000
Laser Cut Clock Design 104,https://drive.google.com/thumbnail?id=14XrvN4MrQM9QJWnTNSXGkftRqV6Xx_g4&sz=w1000
Round Wall Clock DXF 105,https://drive.google.com/thumbnail?id=1CZmTHjkw9AFVZ-jRzVdp4A17hXR8ZTWu&sz=w1000
Decorative Clock File 106,https://drive.google.com/thumbnail?id=1ZmvwP_zG4Z8uYwMJcsJY_q3YNL8pxazX&sz=w1000
Clock Router Design 107,https://drive.google.com/thumbnail?id=1qeEhEQJIYsbDdAFFbPNKr5j6Hu-D3huV&sz=w1000
Clock Wall Pattern 134,https://drive.google.com/thumbnail?id=1k0Wg9kVaqXTaxcXwHXX9DsFwG51Tid-f&sz=w1000
Clock Wood Pattern 135,https://drive.google.com/thumbnail?id=1n6Oq5zqEthvyaE2wNhajKEmIkEgQG-TB&sz=w1000
Clock Interior Style 136,https://drive.google.com/thumbnail?id=1ufgMr7yJPFVtiPDiACcZwJvYGA_dWN3n&sz=w1000
Clock Layer Design 137,https://drive.google.com/thumbnail?id=1rH8dcsnLou2whD7su8MKqpxeOinur56H&sz=w1000
Clock Decor Bundle 138,https://drive.google.com/thumbnail?id=1EFJQ0yYcVZp85N5whLZxY9BfPlH9LSzS&sz=w1000
Clock Art Design 139,https://drive.google.com/thumbnail?id=124TiVfzabYo2C51-RO1yrDGNnJe86yxB&sz=w1000
Clock Luxury Decor 140,https://drive.google.com/thumbnail?id=1jSJ96MeXek8t0wGXkoJF4WX-y9NjF_8u&sz=w1000
Laser Cut Clock Design 104,https://drive.google.com/thumbnail?id=1_UJLULXLtfirn4TJ2euhnlTXvwxMbEC5&sz=w1000
Round Wall Clock DXF 105,https://drive.google.com/thumbnail?id=1F-r29-cfNAoNkAjJglietBYnM2W8x1WW&sz=w1000
Decorative Clock File 106,https://drive.google.com/thumbnail?id=10fd44_GTohJU6KC_SGZ590QLrSBRoJzh&sz=w1000
Clock Router Design 107,https://drive.google.com/thumbnail?id=1a0U_7cKyv0jKSYSM4PMHb3SL3Ye9iubU&sz=w1000
Clock Router Bundle 144,https://drive.google.com/thumbnail?id=1Ayxu1YapBxS95xZnoTOAfRlWVbnW-ZC9&sz=w1000
Clock Home Style 145,https://drive.google.com/thumbnail?id=1CPDTstmiiPUX8lC-Lzgloo6di6l8UmTA&sz=w1000
Clock Laser Bundle 146,https://drive.google.com/thumbnail?id=1JdYVpIds5mIs0W_7e8BNnfoVUOYmH7zk&sz=w1000
Clock Decorative Wall 147,https://drive.google.com/thumbnail?id=14kT02gP1xn9vMEjYlLivosOXn3Zg85Xw&sz=w1000
Clock Pattern Bundle 148,https://drive.google.com/thumbnail?id=1nIKS76kT0JgwTxKoSJ4Cklv65UpPqy7V&sz=w1000
Clock Modern Decor 149,https://drive.google.com/thumbnail?id=1jWEUKKcoKtU5TwbQvh4loxPIk2xgRYEl&sz=w1000
Clock CNC Bundle 150,https://drive.google.com/thumbnail?id=12PzCh_z5FlNNlF4UOUUEB5G2ZqkqpPwi&sz=w1000
Clock Template For CNC,https://drive.google.com/thumbnail?id=19m3i8u6FO4plL9CQR_UoWW4ReLdS2LHV&sz=w1000
Clock Design DXF 151,https://drive.google.com/thumbnail?id=1kZ5IVRnTZGN-uYnClShKGOH97hJK8ktn&sz=w1000
Clock Design DXF 152,https://drive.google.com/thumbnail?id=1k0RIECbAf9XP8MIxGN8MFaejLKxywFLR&sz=w1000
Clock Design DXF 153,https://drive.google.com/thumbnail?id=168DhpUvH7nPnqXwl_f1tNJKCy366tue6&sz=w1000
Clock Design DXF 154,https://drive.google.com/thumbnail?id=1CYzD0vXWEBa4Q_JnyYgNXhLhud_3ZJnc&sz=w1000
Clock Design DXF 155,https://drive.google.com/thumbnail?id=1LN7yypXS6UAn2azAF0gkKA_MNL3RrIde&sz=w1000
Clock Design DXF 156,https://drive.google.com/thumbnail?id=1uqHUfFtZU0IUkJxuKfpOMCwR3xyEsUOD&sz=w1000
Clock Design DXF 157,https://drive.google.com/thumbnail?id=1RgzKHgMyYqPzfUxPbdmJCLwZbk3BYWFN&sz=w1000
Clock Design DXF 158,https://drive.google.com/thumbnail?id=1vkLC46-7qUHRpark1NKhEyE_w01fEQTO&sz=w1000
Clock Design DXF 159,https://drive.google.com/thumbnail?id=1opoR8la60QqDX_axV4ERcKg0mc4ZRb7r&sz=w1000
Clock Design DXF 160,https://drive.google.com/thumbnail?id=1z1iR9iWgQ20UmpVc5qtgKw0UmiMM5_7Y&sz=w1000
Laser Cut Clock Design 104,https://drive.google.com/thumbnail?id=1CEoFFkWFDqyXJ5kUrC2m8qkiWejzKHTE&sz=w1000
Round Wall Clock DXF 105,https://drive.google.com/thumbnail?id=1Ut3uwzOVFnV5YKdm3F0iQgU9AJEzJQe3&sz=w1000
Decorative Clock File 106,https://drive.google.com/thumbnail?id=1vbcaQmnDSeAJNNoeD9Vx2Uv2pJsUzxfm&sz=w1000
Clock Router Design 107,https://drive.google.com/thumbnail?id=19bHvWbbeAiQ5GleRESvUA0GvLuTywVDD&sz=w1000
Clock Design DXF 164,https://drive.google.com/thumbnail?id=1EGPNxQAJVcwDc3viqBeeKNvaSBHFDvvH&sz=w1000
Clock Design DXF 165,https://drive.google.com/thumbnail?id=1RwceoyRE6Qp1SViw1k6HX6aQ_1kZBeTU&sz=w1000
Clock Design DXF 166,https://drive.google.com/thumbnail?id=17icPYXd6qzcsI6ar6L4oFqcg5OPMvOHU&sz=w1000
Clock Design DXF 167,https://drive.google.com/thumbnail?id=1XH1tegUC-tdBLigSZ1K1qpGSmJ-OHUhX&sz=w1000
Clock Design DXF 168,https://drive.google.com/thumbnail?id=1IulYTphAmX-0KrpPmArWH8mMUo2v3CQJ&sz=w1000
Clock Design DXF 169,https://drive.google.com/thumbnail?id=1xiBKnktnkSacLm56NmY11B5CFwH1dEc6&sz=w1000
Clock Design DXF 170,https://drive.google.com/thumbnail?id=1pCc-9qHPmcXEHz2HD3R8h28G5llcAVGL&sz=w1000
Laser Cut Clock Design 104,https://drive.google.com/thumbnail?id=1u1KGM5Lx4YvGXKpZFWFhpGXs7cHEu6-8&sz=w1000
Round Wall Clock DXF 105,https://drive.google.com/thumbnail?id=1u7eUxp2OXxwKu1NUbPSOE9c4gdBAQbfW&sz=w1000
Decorative Clock File 106,https://drive.google.com/thumbnail?id=1RnB5cdABHtwL_131AbaMuolj1tUgM8a-&sz=w1000
Clock Router Design 107,https://drive.google.com/thumbnail?id=1-LIwxteoCYOmN5Gh0iiJ5pdskcHfA7tQ&sz=w1000
Clock Design DXF 174,https://drive.google.com/thumbnail?id=1vUZQFT-84cnenM5ur572OZXJ56jcHul8&sz=w1000
Clock Design DXF 175,https://drive.google.com/thumbnail?id=1bnS8ru2efueMyUcxks8rCF_QtRfEsxB0&sz=w1000
Clock Design DXF 176,https://drive.google.com/thumbnail?id=1x-YfhKMRYVb8ypDJZaJn-irLzEuQ46tn&sz=w1000
Clock Design DXF 177,https://drive.google.com/thumbnail?id=1fNp27hqmkk2C00zekeIu5FZaaIEovmzM&sz=w1000
Clock Design DXF 178,https://drive.google.com/thumbnail?id=1_I2dWjt26hhKHLdd4BY0NndHeQOtr3pY&sz=w1000
Clock Design DXF 179,https://drive.google.com/thumbnail?id=1AnwfirDjc1zUYKFUrBVGp5MdX6vb0hlq&sz=w1000
Clock Design DXF 180,https://drive.google.com/thumbnail?id=1ovgUxAl5hRFajDQ7Kmgb5ttQw67MLvJU&sz=w1000
Laser Cut Clock Design 104,https://drive.google.com/thumbnail?id=1I4KWwcPk1j4uBKOcCOGx1eXtvAelLOiq&sz=w1000
Round Wall Clock DXF 105,https://drive.google.com/thumbnail?id=1SALgN8Uu1ga0yFK9uP90PhwaHJgYhexI&sz=w1000
Decorative Clock File 106,https://drive.google.com/thumbnail?id=1WNaImtIxxSRQr6sA3u2M9qd1BIfnL0be&sz=w1000
Clock Router Design 107,https://drive.google.com/thumbnail?id=1TnbcUPtMb__bsOMT3T5wlCl4m_z7Ok6u&sz=w1000
Clock Design DXF 184,https://drive.google.com/thumbnail?id=1R9Edzo-CcLuZrgom9te6tKhULmiTeHkN&sz=w1000
Clock Design DXF 185,https://drive.google.com/thumbnail?id=1dq300SnuglhavUsy-T5Y7X3sht5cDOpo&sz=w1000
Clock Design DXF 186,https://drive.google.com/thumbnail?id=1ssDFXxVzfzqIBNu01gm1JbphZuW37A0x&sz=w1000
Clock Design DXF 187,https://drive.google.com/thumbnail?id=1rdOQJBi9Lv1nQeUwM5lZPCtkJQouC7pG&sz=w1000
Clock Design DXF 188,https://drive.google.com/thumbnail?id=13mtuyBN9MCs2IBUzzORfIwv-VJRUrf_v&sz=w1000
Clock Design DXF 189,https://drive.google.com/thumbnail?id=1pM4Q-QqWp5c7wt9ipigERhFC0iV19WlD&sz=w1000
Clock Design DXF 190,https://drive.google.com/thumbnail?id=1OMcaaluTizXHFMCXItbfiLWgli7Sg4yC&sz=w1000
Laser Cut Clock Design 104,https://drive.google.com/thumbnail?id=1N2xBmihhYm4QvsF9JYCo0lZBDAXIym5l&sz=w1000
Round Wall Clock DXF 105,https://drive.google.com/thumbnail?id=1EGg5jTF4aPNwDE8Js2SMLlG62lpIBXej&sz=w1000
Decorative Clock File 106,https://drive.google.com/thumbnail?id=1CVHJsjhu0QO39VWezZkrpnpw0dVg1KaC&sz=w1000
Clock Router Design 107,https://drive.google.com/thumbnail?id=1m_Idp3tNVb-gCRpr1dL8ByMIyfarlWqX&sz=w1000
Clock Design DXF 492,https://drive.google.com/thumbnail?id=1-ctUK0WwdDvR65uh0o27dfQAsxFBaOV2&sz=w1000
Clock Design DXF 493,https://drive.google.com/thumbnail?id=1CYJKASSqpZmOdEby72GpJMZGrAfRcvbE&sz=w1000
Clock Design DXF 494,https://drive.google.com/thumbnail?id=1DYVHNFjyrWr_w5HvQLbpMOfeJNfqCSb0&sz=w1000
Clock Design DXF 495,https://drive.google.com/thumbnail?id=15ErZfSUb0ANTc-jNu4WxPtGvjEF3Sm9Z&sz=w1000
Clock Design DXF 496,https://drive.google.com/thumbnail?id=1ZeGQ_Krvfjj547mRoZ_WsotZSIcsd57a&sz=w1000
Clock Design DXF 497,https://drive.google.com/thumbnail?id=1ZHfqEXr4yaNXvnA3C1YUZG5bI36PtJ0a&sz=w1000
Clock Design DXF 498,https://drive.google.com/thumbnail?id=17Dn2aHkLtxMLS1Zgf-lAMfwjBKzbtPub&sz=w1000
Clock Design DXF 499,https://drive.google.com/thumbnail?id=1qi_rS28rZ6ucui-JdVs_8dBi6O73gXTr&sz=w1000
Clock Design DXF 500,https://drive.google.com/thumbnail?id=1ntK1ZmYjz3QC_yK5ELdBoLTVg_oMkhHn&sz=w1000
Modern Wall Clock DXF File,https://drive.google.com/thumbnail?id=1Wnxg2Ko9G9oECRj8uWTarLnwXXbYC1A2&sz=w1000
Luxury Wooden Wall Clock DXF,https://drive.google.com/thumbnail?id=1oa_DpwY3B9jzZOy0tLNrD5HT6o26GbRI&sz=w1000
Islamic Wall Clock CNC DXF,https://drive.google.com/thumbnail?id=1O8PDzanax9d4oiL87DUulyTVWQXnRgaM&sz=w1000
Laser Cut Clock SVG DXF,https://drive.google.com/thumbnail?id=1sDii60kXPuuWrXFjcQMtiYIoVBvywEoz&sz=w1000
Decorative Clock DXF Design,https://drive.google.com/thumbnail?id=1R51USs_Q1f2XTCijnZfBJrONFisNX8k3&sz=w1000
Minimal Wall Clock DXF,https://drive.google.com/thumbnail?id=1NWl6NZFUDLRYz7Zj2Qwz_hJrOj8Cr1uS&sz=w1000
Round Clock CNC File,https://drive.google.com/thumbnail?id=1yZfxTyjZ6FW6bo938ZnFR-fRtxQDbIkF&sz=w1000
Wood Clock Laser Cut DXF,https://drive.google.com/thumbnail?id=1tvvlho-gFwlDlgsXA47CE5PTLuGyLHuf&sz=w1000
Mandala Clock SVG DXF,https://drive.google.com/thumbnail?id=1rbiu7B0t6hjo2mp-k9hQDLs6baakIA5S&sz=w1000
Arabic Clock DXF Design,https://drive.google.com/thumbnail?id=1xvD7E5VDLjOvQdpwJ3z0axHVc5SJlpl8&sz=w1000
Classic Roman Clock DXF,https://drive.google.com/thumbnail?id=18ANmiZs31QfPK0w29-quu5QKV3Noass0&sz=w1000
Geometric Clock DXF File,https://drive.google.com/thumbnail?id=1XGzSHz3_UKE24z1Mdi6lA15zT8e_2PR4&sz=w1000
Vintage Clock CNC Design,https://drive.google.com/thumbnail?id=14vSOiDzliIoHuOzB8lI5KNuGFFkSm-em&sz=w1000
Large Wall Clock DXF,https://drive.google.com/thumbnail?id=1AYN__lYztrjgCqSSNV8fwGezIqx025RI&sz=w1000
3D Layered Clock DXF,https://drive.google.com/thumbnail?id=1VJG364gbODWx7Av7L7DXHp5mCarRPZ52&sz=w1000
Clock Template For CNC,https://drive.google.com/thumbnail?id=1uhyMooOpuBHV_M2echvT_drW913TmnKf&sz=w1000
Clock Vector DXF File,https://drive.google.com/thumbnail?id=1peoQ8v9Sn2eJGvbwXNUMMXDintsppYqq&sz=w1000
Wall Decor Clock DXF,https://drive.google.com/thumbnail?id=1z89Tt_jhXLc-PKQ-CmFC7IqrpQA2U6M-&sz=w1000
Wooden Clock SVG DXF,https://drive.google.com/thumbnail?id=11X5yU_YR0iIF_nq4kmuI4rymKQkfpRN0&sz=w1000
Elegant Wall Clock Design,https://drive.google.com/thumbnail?id=1DS8vjuyEZr2Rs1xKwrKvyTL0bxHAQYsV&sz=w1000
Modern Clock CNC Pattern,https://drive.google.com/thumbnail?id=1lBv9KpWFiXepXbsxzmxXKIuAhO0U4KDm&sz=w1000
Laser Engraving Clock DXF,https://drive.google.com/thumbnail?id=1RFlWipMvTwHQ3GvXmTDI3Vu8xOyadwHx&sz=w1000
Clock Cut File SVG DXF,https://drive.google.com/thumbnail?id=1ncaW9ivo5T39zUnV-IDfs1VtxtjzRdTN&sz=w1000
Creative Clock Wall Decor,https://drive.google.com/thumbnail?id=1v6hQgk4sikkEMHEVYpFDi0pSOZrwOosI&sz=w1000
Luxury Clock Laser Design,https://drive.google.com/thumbnail?id=1TQjgzxmALuHk6G7rzehAe54mSLHKXmfp&sz=w1000
Clock Router DXF File,https://drive.google.com/thumbnail?id=1KnIou1dOoCNE0a2PSc5oFQiembsMk0wL&sz=w1000
Abstract Clock Design DXF,https://drive.google.com/thumbnail?id=1Yl4yrDjWl4EByU7g-UqB5acegWTGD25j&sz=w1000
Clock CNC Router Pattern,https://drive.google.com/thumbnail?id=1OcCQbzo3PCxkLJAnsdWTCIrBJLmyNpym&sz=w1000
Home Decor Clock SVG,https://drive.google.com/thumbnail?id=1Yd8ftjbJ8feFKk-uTnnYV0z4sPfPfVJ2&sz=w1000
Premium Clock DXF Model,https://drive.google.com/thumbnail?id=1w0SYTCTlPGcK8wZ2PHeP-ZB
